,Node,Closeness Centrality
0,0,0.017
1,1,0.017
2,2,0.016
3,469,0.016
4,6,0.017
5,385,0.018
6,3,0.016
7,380,0.016
8,37415,0.016
9,5,0.016
10,384,0.017
11,386,0.018
12,4,0.016
13,419,0.016
14,422,0.016
15,98,0.016
16,420,0.015
17,35698,0.015
18,183,0.016
19,423,0.015
20,470,0.015
21,35729,0.015
22,35709,0.015
23,7,0.021
24,8,0.02
25,9,0.021
26,79,0.022
27,33,0.02
28,10,0.02
29,84,0.02
30,78,0.022
31,119,0.022
32,32,0.019
33,34,0.019
34,11,0.02
35,110,0.02
36,83,0.02
37,85,0.019
38,12,0.02
39,111,0.02
40,112,0.019
41,13,0.02
42,95,0.02
43,108,0.02
44,14,0.019
45,94,0.02
46,109,0.02
47,113,0.02
48,123,0.02
49,96,0.02
50,15,0.019
51,16,0.019
52,77,0.019
53,93,0.019
54,17,0.018
55,18,0.018
56,3254,0.018
57,19,0.017
58,3255,0.018
59,36971,0.017
60,20,0.016
61,23,0.017
62,21,0.016
63,22,0.016
64,24,0.017
65,25,0.017
66,26,0.017
67,27,0.018
68,28,0.017
69,29,0.018
70,30,0.018
71,31,0.019
72,3247,0.018
73,3253,0.018
74,35943,0.017
75,3246,0.018
76,3248,0.017
77,3249,0.017
78,3204,0.017
79,35950,0.017
80,2203,0.018
81,3252,0.017
82,3257,0.017
83,2146,0.018
84,2204,0.018
85,35,0.005
86,36,0.005
87,50,0.006
88,1199,0.005
89,37,0.005
90,35885,0.004
91,1645159,0.004
92,49,0.006
93,185,0.005
94,1198,0.004
95,1205,0.004
96,38,0.005
97,1641586,0.005
98,35884,0.004
99,1645157,0.004
100,1645156,0.004
101,1648644,0.004
102,39,0.005
103,1633418,0.004
104,40,0.005
105,1641587,0.004
106,41,0.005
107,1641577,0.004
108,1641576,0.004
109,1641606,0.004
110,42,0.005
111,1641355,0.004
112,1641363,0.004
113,43,0.005
114,1639779,0.005
115,1628954,0.004
116,1639780,0.004
117,44,0.005
118,45,0.006
119,1542024,0.004
120,46,0.006
121,1154,0.005
122,1538392,0.005
123,1542023,0.004
124,1639781,0.004
125,47,0.006
126,27108,0.005
127,27325,0.005
128,1153,0.004
129,1155,0.004
130,1538362,0.004
131,1538390,0.004
132,1538391,0.004
133,48,0.006
134,27107,0.004
135,27250,0.004
136,27323,0.004
137,27335,0.004
138,27343,0.005
139,184,0.005
140,27342,0.004
141,35887,0.004
142,39411,0.004
143,35886,0.004
144,52,0.004
145,53,0.004
146,54,0.004
147,4152,0.004
148,223,0.004
149,225,0.004
150,4120,0.004
151,4148,0.004
152,4153,0.003
153,4156,0.003
154,224,0.004
155,3937,0.004
156,4113,0.003
157,4114,0.003
158,4154,0.003
159,55,0.023
160,56,0.023
161,57,0.023
162,1068,0.023
163,1099,0.022
164,76,0.023
165,1069,0.022
166,58,0.022
167,1071,0.022
168,1072,0.022
169,1096,0.022
170,1116,0.022
171,36235,0.022
172,74,0.022
173,1075,0.022
174,59,0.021
175,1089,0.022
176,32419,0.022
177,1070,0.022
178,1098,0.022
179,1110,0.021
180,60,0.021
181,61,0.021
182,62,0.022
183,171,0.022
184,172,0.022
185,63,0.022
186,64,0.022
187,339,0.022
188,65,0.022
189,2220,0.021
190,338,0.022
191,341,0.022
192,36187,0.021
193,66,0.022
194,2155,0.021
195,2157,0.021
196,2219,0.021
197,2221,0.021
198,67,0.021
199,68,0.022
200,2254,0.021
201,2156,0.02
202,2158,0.02
203,2161,0.02
204,69,0.021
205,70,0.022
206,2251,0.022
207,2252,0.021
208,71,0.023
209,1052,0.022
210,72,0.022
211,1049,0.023
212,1050,0.022
213,2256,0.021
214,2258,0.022
215,73,0.021
216,1048,0.022
217,75,0.021
218,1073,0.022
219,1076,0.021
220,80,0.021
221,455,0.021
222,81,0.021
223,105,0.021
224,454,0.022
225,116,0.022
226,118,0.022
227,342,0.022
228,82,0.02
229,104,0.021
230,107,0.021
231,124,0.02
232,114,0.019
233,86,0.02
234,87,0.02
235,88,0.019
236,128,0.02
237,315,0.019
238,97,0.02
239,134,0.021
240,89,0.019
241,146,0.019
242,129,0.019
243,452,0.019
244,135,0.021
245,316,0.021
246,90,0.018
247,91,0.019
248,92,0.019
249,133,0.019
250,132,0.019
251,139,0.018
252,410,0.016
253,471,0.015
254,35881,0.015
255,35728,0.015
256,99,0.006
257,100,0.006
258,101,0.006
259,136,0.005
260,6790,0.005
261,103,0.006
262,137,0.006
263,6760,0.005
264,102,0.006
265,6771,0.005
266,421,0.005
267,6792,0.005
268,6805,0.005
269,6791,0.004
270,6802,0.004
271,6713,0.005
272,6748,0.005
273,6764,0.005
274,6757,0.004
275,6733,0.005
276,6738,0.005
277,6772,0.004
278,6722,0.004
279,6734,0.004
280,6736,0.004
281,6737,0.004
282,6765,0.004
283,6711,0.004
284,6714,0.004
285,6717,0.004
286,6747,0.004
287,6759,0.004
288,106,0.021
289,151,0.021
290,150,0.021
291,152,0.022
292,115,0.022
293,117,0.022
294,120,0.022
295,169,0.022
296,122,0.021
297,121,0.022
298,170,0.021
299,36184,0.02
300,453,0.022
301,340,0.022
302,36185,0.021
303,125,0.017
304,126,0.017
305,127,0.018
306,176,0.018
307,355,0.017
308,383,0.017
309,354,0.018
310,353,0.018
311,443,0.017
312,381,0.017
313,153,0.018
314,155,0.018
315,37498,0.017
316,356,0.018
317,358,0.018
318,442,0.017
319,130,0.019
320,154,0.019
321,444,0.019
322,145,0.018
323,41762,0.018
324,131,0.018
325,359,0.019
326,36966,0.018
327,41761,0.018
328,138,0.018
329,387,0.018
330,6770,0.004
331,6793,0.004
332,6797,0.004
333,6763,0.004
334,6766,0.004
335,388,0.017
336,140,0.016
337,141,0.017
338,142,0.016
339,391,0.016
340,389,0.016
341,392,0.017
342,390,0.015
343,143,0.018
344,144,0.018
345,177,0.018
346,178,0.017
347,186,0.017
348,187,0.017
349,41763,0.018
350,147,0.021
351,148,0.021
352,149,0.021
353,166,0.02
354,167,0.02
355,168,0.02
356,317,0.021
357,162,0.02
358,36963,0.019
359,303,0.021
360,318,0.02
361,357,0.018
362,156,0.022
363,157,0.022
364,158,0.021
365,1057,0.021
366,175,0.022
367,1093,0.022
368,159,0.021
369,1058,0.021
370,173,0.022
371,160,0.021
372,1056,0.021
373,161,0.02
374,36965,0.02
375,1055,0.021
376,36964,0.019
377,163,0.019
378,164,0.018
379,165,0.018
380,174,0.021
381,314,0.017
382,179,0.015
383,180,0.016
384,181,0.015
385,425,0.015
386,42066,0.015
387,379,0.016
388,434,0.016
389,182,0.015
390,426,0.015
391,35695,0.015
392,424,0.015
393,42067,0.015
394,42074,0.015
395,435,0.016
396,460,0.015
397,42076,0.015
398,35699,0.015
399,35696,0.014
400,35703,0.014
401,35746,0.014
402,35890,0.004
403,35891,0.004
404,35892,0.004
405,35895,0.004
406,312,0.018
407,41764,0.017
408,188,0.018
409,189,0.018
410,190,0.017
411,369,0.017
412,191,0.018
413,193,0.017
414,351,0.017
415,367,0.017
416,368,0.017
417,441,0.017
418,360,0.018
419,440,0.017
420,192,0.016
421,195,0.016
422,461,0.016
423,350,0.017
424,371,0.017
425,194,0.016
426,201,0.016
427,203,0.016
428,375,0.016
429,202,0.016
430,352,0.016
431,462,0.016
432,373,0.016
433,374,0.016
434,42079,0.016
435,196,0.005
436,197,0.005
437,198,0.004
438,7178,0.005
439,200,0.005
440,23401,0.005
441,199,0.004
442,15697,0.004
443,7176,0.004
444,7179,0.005
445,503,0.006
446,24015,0.005
447,7332,0.004
448,15686,0.004
449,205,0.016
450,372,0.016
451,204,0.016
452,206,0.016
453,213,0.017
454,209,0.016
455,207,0.015
456,433,0.015
457,211,0.017
458,212,0.017
459,208,0.015
460,344,0.015
461,432,0.016
462,260,0.016
463,343,0.015
464,210,0.017
465,235,0.018
466,227,0.017
467,230,0.017
468,236,0.018
469,41752,0.017
470,370,0.017
471,41755,0.016
472,229,0.016
473,261,0.016
474,226,0.016
475,234,0.017
476,214,0.018
477,215,0.018
478,216,0.019
479,309,0.017
480,308,0.019
481,310,0.017
482,311,0.017
483,313,0.017
484,307,0.02
485,36178,0.019
486,217,0.007
487,218,0.006
488,222,0.007
489,7925,0.006
490,219,0.006
491,7923,0.006
492,221,0.007
493,4895,0.008
494,4899,0.008
495,7926,0.007
496,220,0.006
497,7922,0.005
498,7924,0.005
499,7931,0.006
500,7921,0.005
501,7901,0.006
502,7918,0.007
503,7932,0.006
504,7937,0.005
505,7881,0.006
506,7888,0.006
507,7882,0.006
508,7887,0.006
509,4896,0.008
510,4898,0.008
511,7927,0.007
512,43222,0.006
513,4109,0.003
514,4110,0.003
515,3940,0.003
516,3938,0.003
517,4100,0.003
518,4096,0.002
519,4099,0.003
520,4117,0.003
521,4149,0.003
522,228,0.016
523,251,0.016
524,255,0.016
525,273,0.016
526,233,0.017
527,254,0.015
528,259,0.016
529,42078,0.016
530,231,0.017
531,232,0.018
532,289,0.017
533,245,0.018
534,276,0.017
535,288,0.017
536,250,0.018
537,244,0.018
538,246,0.017
539,247,0.017
540,274,0.016
541,275,0.016
542,277,0.017
543,278,0.018
544,41753,0.016
545,41754,0.016
546,243,0.018
547,248,0.018
548,237,0.004
549,238,0.004
550,239,0.004
551,3930,0.003
552,241,0.004
553,3295,0.004
554,240,0.004
555,3271,0.003
556,3889,0.003
557,3931,0.003
558,3292,0.005
559,3296,0.005
560,4080,0.003
561,3276,0.004
562,3272,0.003
563,3888,0.003
564,3890,0.003
565,3275,0.003
566,3277,0.003
567,3291,0.005
568,242,0.019
569,36218,0.018
570,253,0.018
571,249,0.017
572,36219,0.017
573,252,0.018
574,1159,0.019
575,1158,0.019
576,256,0.015
577,257,0.015
578,258,0.015
579,272,0.015
580,35850,0.015
581,42587,0.015
582,271,0.015
583,35851,0.015
584,36974,0.015
585,42588,0.015
586,42586,0.015
587,36975,0.015
588,42077,0.015
589,262,0.017
590,263,0.018
591,264,0.017
592,549,0.017
593,550,0.018
594,265,0.016
595,267,0.016
596,548,0.017
597,279,0.017
598,36211,0.017
599,525,0.018
600,36210,0.018
601,266,0.016
602,268,0.016
603,1918,0.016
604,269,0.016
605,290,0.016
606,297,0.016
607,1919,0.016
608,36987,0.016
609,270,0.016
610,42585,0.015
611,291,0.015
612,327,0.015
613,1920,0.015
614,296,0.015
615,42583,0.016
616,301,0.015
617,42582,0.015
618,280,0.014
619,281,0.013
620,282,0.013
621,35769,0.014
622,285,0.013
623,42598,0.013
624,283,0.013
625,286,0.013
626,35773,0.013
627,35768,0.014
628,35852,0.013
629,284,0.013
630,35845,0.013
631,35846,0.013
632,35841,0.012
633,35854,0.012
634,42600,0.012
635,287,0.013
636,35772,0.013
637,35775,0.012
638,35847,0.012
639,35844,0.012
640,35771,0.012
641,35774,0.012
642,42570,0.012
643,35848,0.012
644,36212,0.016
645,36215,0.016
646,292,0.015
647,293,0.015
648,480,0.015
649,294,0.015
650,35805,0.014
651,479,0.014
652,295,0.015
653,35795,0.015
654,35796,0.015
655,35797,0.014
656,35799,0.014
657,35770,0.015
658,42584,0.015
659,298,0.015
660,299,0.015
661,300,0.015
662,35863,0.015
663,302,0.021
664,304,0.02
665,305,0.02
666,1092,0.021
667,306,0.02
668,1103,0.02
669,1156,0.02
670,1090,0.021
671,1100,0.02
672,1143,0.02
673,1101,0.02
674,1124,0.02
675,1157,0.019
676,1165,0.019
677,319,0.0
678,320,0.0
679,321,0.005
680,322,0.005
681,323,0.005
682,326,0.005
683,3481,0.004
684,324,0.005
685,325,0.005
686,3479,0.004
687,3430,0.004
688,3432,0.004
689,4173,0.004
690,4175,0.004
691,3434,0.004
692,3431,0.004
693,3475,0.004
694,3480,0.004
695,4181,0.004
696,3482,0.003
697,3369,0.003
698,3429,0.003
699,3415,0.003
700,3427,0.003
701,3416,0.003
702,3474,0.003
703,3476,0.003
704,3424,0.003
705,4178,0.003
706,4174,0.003
707,4179,0.003
708,4182,0.003
709,4132,0.003
710,36979,0.015
711,36980,0.015
712,328,0.002
713,329,0.002
714,330,0.002
715,40094,0.002
716,11435,0.003
717,12041,0.002
718,11433,0.003
719,11434,0.002
720,12022,0.001
721,12058,0.001
722,331,0.017
723,332,0.017
724,333,0.017
725,35734,0.016
726,404,0.016
727,36967,0.017
728,35731,0.016
729,35735,0.016
730,405,0.016
731,334,0.002
732,335,0.002
733,337,0.002
734,336,0.002
735,12138,0.002
736,12176,0.003
737,12175,0.002
738,12202,0.002
739,12032,0.001
740,12033,0.001
741,36186,0.021
742,2202,0.021
743,42082,0.015
744,42081,0.014
745,42594,0.014
746,42595,0.014
747,345,0.004
748,346,0.005
749,347,0.004
750,3294,0.003
751,349,0.005
752,3290,0.004
753,3338,0.005
754,348,0.004
755,3285,0.003
756,3339,0.004
757,3293,0.003
758,3319,0.003
759,3284,0.003
760,3286,0.003
761,3314,0.003
762,3340,0.003
763,3347,0.003
764,36261,0.003
765,382,0.017
766,361,0.018
767,362,0.018
768,363,0.017
769,41760,0.017
770,364,0.017
771,41759,0.017
772,365,0.016
773,366,0.017
774,41758,0.017
775,41756,0.016
776,41757,0.016
777,42597,0.015
778,376,0.003
779,377,0.003
780,378,0.003
781,16472,0.002
782,12226,0.003
783,12227,0.003
784,12230,0.002
785,12247,0.003
786,1176,0.002
787,37523,0.002
788,12225,0.002
789,16399,0.002
790,12228,0.002
791,12229,0.002
792,12231,0.002
793,12248,0.002
794,37522,0.002
795,393,0.017
796,468,0.017
797,394,0.004
798,395,0.005
799,396,0.004
800,7162,0.004
801,399,0.005
802,42094,0.005
803,397,0.004
804,7163,0.004
805,7184,0.004
806,7186,0.003
807,398,0.005
808,457,0.006
809,42329,0.004
810,3263,0.004
811,3261,0.004
812,3264,0.003
813,21184,0.003
814,3262,0.003
815,20839,0.003
816,456,0.005
817,459,0.005
818,20849,0.005
819,41945,0.005
820,400,0.004
821,401,0.004
822,403,0.004
823,592,0.004
824,402,0.004
825,41613,0.003
826,450,0.004
827,591,0.004
828,2661,0.003
829,445,0.004
830,2625,0.003
831,42211,0.003
832,446,0.004
833,40748,0.003
834,449,0.004
835,451,0.003
836,411,0.015
837,472,0.015
838,36193,0.015
839,406,0.003
840,407,0.003
841,408,0.003
842,6024,0.002
843,409,0.003
844,6025,0.003
845,36209,0.003
846,6300,0.002
847,6048,0.002
848,5636,0.003
849,6301,0.003
850,6049,0.002
851,36224,0.002
852,6302,0.002
853,5637,0.002
854,5638,0.002
855,473,0.015
856,35717,0.015
857,412,0.01
858,413,0.01
859,414,0.01
860,683,0.01
861,418,0.009
862,755,0.009
863,7795,0.009
864,415,0.009
865,682,0.01
866,677,0.01
867,699,0.01
868,417,0.009
869,7794,0.008
870,756,0.008
871,758,0.009
872,7793,0.008
873,7792,0.008
874,416,0.009
875,681,0.01
876,1025,0.008
877,1024,0.009
878,7757,0.008
879,1023,0.008
880,7756,0.008
881,7755,0.007
882,7787,0.008
883,35405,0.015
884,35710,0.015
885,6769,0.003
886,6794,0.003
887,6798,0.003
888,427,0.014
889,35747,0.014
890,42052,0.014
891,35748,0.013
892,35749,0.013
893,42058,0.013
894,42053,0.014
895,42054,0.014
896,428,0.005
897,429,0.006
898,430,0.006
899,7190,0.005
900,40005,0.005
901,431,0.006
902,12629,0.006
903,40022,0.005
904,5927,0.005
905,5970,0.005
906,611,0.005
907,7156,0.005
908,40006,0.005
909,5925,0.006
910,6855,0.005
911,40015,0.005
912,40017,0.005
913,40023,0.005
914,5928,0.005
915,5929,0.005
916,5971,0.005
917,7130,0.005
918,5926,0.007
919,436,0.003
920,437,0.003
921,439,0.003
922,23898,0.003
923,438,0.004
924,33468,0.003
925,20655,0.003
926,23896,0.003
927,23897,0.002
928,40853,0.002
929,15713,0.003
930,33467,0.002
931,33469,0.002
932,39690,0.002
933,39962,0.002
934,15712,0.002
935,15714,0.002
936,40848,0.002
937,39978,0.002
938,447,0.004
939,2648,0.003
940,40749,0.003
941,42208,0.003
942,448,0.004
943,2647,0.003
944,2649,0.003
945,2646,0.003
946,2934,0.003
947,2938,0.003
948,2652,0.003
949,458,0.004
950,21970,0.004
951,20811,0.004
952,20812,0.004
953,21121,0.004
954,20869,0.003
955,21969,0.004
956,20848,0.004
957,21122,0.004
958,41944,0.004
959,42092,0.004
960,20813,0.003
961,20772,0.003
962,20803,0.003
963,42073,0.015
964,42596,0.015
965,463,0.004
966,464,0.004
967,467,0.004
968,20571,0.004
969,465,0.004
970,5314,0.003
971,5315,0.003
972,466,0.004
973,20718,0.003
974,25505,0.003
975,20572,0.003
976,20576,0.003
977,20725,0.003
978,40105,0.003
979,41916,0.003
980,5312,0.003
981,42134,0.003
982,5313,0.003
983,41917,0.003
984,40104,0.003
985,40110,0.003
986,20554,0.003
987,20716,0.003
988,20723,0.003
989,20534,0.003
990,20556,0.003
991,35739,0.014
992,474,0.014
993,475,0.015
994,476,0.014
995,1594983,0.014
996,478,0.014
997,477,0.014
998,36977,0.014
999,36986,0.015
1000,1594984,0.014
1001,1610675,0.014
1002,36978,0.014
1003,1594985,0.014
1004,35803,0.014
1005,36976,0.014
1006,35800,0.013
1007,35809,0.013
1008,35818,0.013
1009,481,0.007
1010,482,0.007
1011,507,0.007
1012,483,0.007
1013,506,0.006
1014,21548,0.006
1015,484,0.006
1016,4074,0.006
1017,5805,0.006
1018,485,0.006
1019,4040,0.006
1020,4041,0.006
1021,5937,0.006
1022,486,0.006
1023,4039,0.006
1024,487,0.006
1025,5809,0.005
1026,488,0.005
1027,489,0.005
1028,5807,0.005
1029,5943,0.005
1030,490,0.005
1031,5808,0.005
1032,491,0.005
1033,5951,0.005
1034,492,0.005
1035,4077,0.005
1036,5948,0.005
1037,493,0.005
1038,4076,0.005
1039,4075,0.005
1040,5954,0.004
1041,494,0.005
1042,7131,0.005
1043,5813,0.005
1044,495,0.005
1045,7133,0.005
1046,7132,0.004
1047,7152,0.004
1048,496,0.005
1049,7154,0.004
1050,497,0.005
1051,7145,0.005
1052,7153,0.004
1053,7161,0.004
1054,7206,0.004
1055,498,0.005
1056,7142,0.005
1057,7146,0.004
1058,7207,0.004
1059,499,0.005
1060,7141,0.005
1061,500,0.005
1062,501,0.006
1063,502,0.006
1064,7164,0.005
1065,7165,0.005
1066,23431,0.005
1067,7144,0.005
1068,7166,0.005
1069,7180,0.005
1070,504,0.006
1071,505,0.006
1072,4044,0.006
1073,24013,0.006
1074,24012,0.006
1075,21549,0.005
1076,24014,0.005
1077,509,0.004
1078,510,0.004
1079,511,0.004
1080,6685,0.003
1081,513,0.004
1082,6681,0.003
1083,512,0.004
1084,6684,0.004
1085,6696,0.003
1086,6679,0.003
1087,6699,0.003
1088,6616,0.003
1089,6621,0.003
1090,6682,0.002
1091,6604,0.003
1092,6683,0.003
1093,6700,0.003
1094,6963,0.003
1095,6953,0.003
1096,6605,0.003
1097,6606,0.003
1098,6620,0.003
1099,6893,0.003
1100,514,0.004
1101,515,0.004
1102,516,0.004
1103,1119,0.003
1104,5892,0.003
1105,1120,0.003
1106,5883,0.003
1107,5884,0.003
1108,5894,0.003
1109,1118,0.002
1110,5890,0.002
1111,5896,0.002
1112,5902,0.002
1113,5874,0.003
1114,5882,0.002
1115,5893,0.002
1116,5862,0.002
1117,5854,0.002
1118,5864,0.002
1119,517,0.003
1120,518,0.003
1121,519,0.003
1122,8146,0.003
1123,520,0.003
1124,8154,0.003
1125,8155,0.003
1126,8145,0.003
1127,8153,0.003
1128,8137,0.002
1129,8147,0.002
1130,8156,0.002
1131,8152,0.003
1132,8157,0.002
1133,8124,0.002
1134,8148,0.002
1135,8151,0.002
1136,521,0.017
1137,522,0.017
1138,36982,0.016
1139,36992,0.016
1140,523,0.018
1141,36983,0.016
1142,36991,0.016
1143,36993,0.016
1144,524,0.018
1145,526,0.019
1146,36201,0.017
1147,1166,0.019
1148,36200,0.017
1149,36202,0.017
1150,1167,0.018
1151,527,0.005
1152,528,0.005
1153,529,0.004
1154,532,0.005
1155,531,0.005
1156,534,0.005
1157,5432,0.004
1158,530,0.004
1159,5418,0.004
1160,533,0.004
1161,5444,0.004
1162,5449,0.004
1163,5421,0.004
1164,5422,0.004
1165,535,0.004
1166,5433,0.004
1167,5438,0.004
1168,5423,0.004
1169,5368,0.003
1170,5417,0.004
1171,5424,0.003
1172,5367,0.003
1173,5391,0.003
1174,5420,0.003
1175,5450,0.003
1176,5445,0.003
1177,5448,0.003
1178,5443,0.004
1179,5437,0.003
1180,5442,0.003
1181,7984,0.003
1182,5431,0.003
1183,5436,0.003
1184,5447,0.003
1185,536,0.014
1186,537,0.014
1187,541,0.014
1188,542,0.014
1189,538,0.013
1190,36981,0.013
1191,540,0.014
1192,543,0.013
1193,539,0.014
1194,36985,0.013
1195,1603443,0.013
1196,1603442,0.013
1197,36984,0.013
1198,1607299,0.013
1199,1594982,0.014
1200,1607298,0.013
1201,1593601,0.014
1202,544,0.003
1203,545,0.003
1204,546,0.002
1205,4371,0.002
1206,4373,0.003
1207,547,0.002
1208,4481,0.002
1209,4372,0.002
1210,4476,0.002
1211,4487,0.002
1212,4485,0.002
1213,4480,0.002
1214,4484,0.002
1215,551,0.002
1216,552,0.002
1217,553,0.002
1218,559,0.002
1219,555,0.002
1220,556,0.002
1221,554,0.002
1222,36197,0.002
1223,558,0.002
1224,560,0.002
1225,557,0.002
1226,1189,0.002
1227,36196,0.002
1228,36207,0.002
1229,561,0.002
1230,1187,0.002
1231,1190,0.002
1232,568,0.002
1233,2023,0.002
1234,2025,0.002
1235,37003,0.002
1236,2024,0.002
1237,37015,0.002
1238,37004,0.002
1239,37005,0.002
1240,573,0.002
1241,562,0.002
1242,563,0.001
1243,566,0.002
1244,567,0.002
1245,564,0.002
1246,37017,0.001
1247,565,0.002
1248,569,0.002
1249,37020,0.001
1250,37016,0.001
1251,37018,0.001
1252,37019,0.001
1253,579,0.002
1254,577,0.002
1255,578,0.002
1256,570,0.002
1257,571,0.002
1258,572,0.002
1259,589,0.002
1260,574,0.002
1261,580,0.002
1262,575,0.002
1263,587,0.002
1264,576,0.002
1265,588,0.002
1266,590,0.002
1267,581,0.003
1268,582,0.003
1269,583,0.003
1270,22099,0.003
1271,586,0.004
1272,584,0.004
1273,22098,0.003
1274,21926,0.002
1275,585,0.004
1276,944,0.004
1277,21927,0.002
1278,22151,0.002
1279,22105,0.003
1280,22107,0.003
1281,22113,0.003
1282,31944,0.003
1283,22108,0.002
1284,17398,0.002
1285,22106,0.002
1286,2575,0.003
1287,2653,0.003
1288,2935,0.003
1289,2660,0.003
1290,2671,0.003
1291,593,0.001
1292,596,0.002
1293,594,0.002
1294,595,0.002
1295,36021,0.001
1296,36020,0.002
1297,36017,0.001
1298,36022,0.001
1299,597,0.003
1300,598,0.003
1301,599,0.003
1302,6851,0.002
1303,7251,0.003
1304,7066,0.002
1305,6859,0.002
1306,6007,0.002
1307,7261,0.002
1308,7250,0.002
1309,7263,0.002
1310,7068,0.002
1311,7351,0.002
1312,6858,0.002
1313,7067,0.002
1314,600,0.005
1315,601,0.004
1316,603,0.004
1317,663,0.004
1318,3470,0.004
1319,602,0.004
1320,3484,0.004
1321,3498,0.004
1322,664,0.005
1323,665,0.004
1324,3469,0.004
1325,3473,0.003
1326,3494,0.003
1327,3452,0.004
1328,3478,0.003
1329,3497,0.003
1330,3504,0.003
1331,3453,0.004
1332,3439,0.004
1333,3451,0.004
1334,604,0.017
1335,605,0.016
1336,606,0.016
1337,676,0.017
1338,36183,0.017
1339,608,0.016
1340,607,0.016
1341,41826,0.016
1342,675,0.016
1343,695,0.017
1344,36179,0.017
1345,36182,0.017
1346,36190,0.017
1347,673,0.015
1348,41825,0.015
1349,41892,0.015
1350,672,0.016
1351,674,0.015
1352,692,0.016
1353,609,0.004
1354,610,0.004
1355,614,0.004
1356,40021,0.004
1357,6013,0.004
1358,613,0.004
1359,40010,0.004
1360,40020,0.004
1361,612,0.004
1362,7188,0.004
1363,6012,0.004
1364,6014,0.004
1365,40004,0.004
1366,7189,0.004
1367,7192,0.004
1368,40009,0.004
1369,615,0.012
1370,616,0.011
1371,617,0.012
1372,1494580,0.011
1373,624,0.012
1374,661,0.012
1375,618,0.012
1376,1494584,0.011
1377,623,0.012
1378,662,0.012
1379,109371,0.011
1380,619,0.012
1381,37031,0.012
1382,620,0.012
1383,36225,0.012
1384,37030,0.013
1385,37033,0.013
1386,1494587,0.012
1387,621,0.012
1388,836,0.013
1389,834,0.012
1390,622,0.012
1391,768,0.013
1392,109373,0.013
1393,109372,0.012
1394,139985,0.012
1395,625,0.005
1396,626,0.004
1397,648,0.005
1398,12653,0.004
1399,627,0.004
1400,639,0.005
1401,12794,0.004
1402,12654,0.003
1403,12655,0.003
1404,628,0.004
1405,629,0.004
1406,630,0.004
1407,12608,0.003
1408,631,0.004
1409,12604,0.003
1410,12607,0.003
1411,42214,0.003
1412,632,0.004
1413,1094,0.004
1414,633,0.004
1415,1095,0.003
1416,634,0.004
1417,635,0.005
1418,12593,0.004
1419,636,0.005
1420,12597,0.004
1421,12594,0.003
1422,35973,0.003
1423,637,0.005
1424,12613,0.004
1425,12596,0.003
1426,35971,0.003
1427,638,0.005
1428,36326,0.004
1429,12610,0.003
1430,12612,0.004
1431,12790,0.004
1432,640,0.005
1433,12793,0.004
1434,12791,0.004
1435,36327,0.004
1436,641,0.004
1437,647,0.004
1438,12792,0.004
1439,12795,0.004
1440,642,0.003
1441,644,0.003
1442,646,0.003
1443,643,0.003
1444,645,0.003
1445,12796,0.004
1446,33767,0.004
1447,649,0.003
1448,650,0.003
1449,651,0.003
1450,654,0.003
1451,41880,0.002
1452,41885,0.002
1453,652,0.002
1454,653,0.002
1455,41888,0.002
1456,41881,0.002
1457,41882,0.002
1458,41886,0.002
1459,41887,0.002
1460,2085,0.002
1461,41879,0.002
1462,2082,0.002
1463,2084,0.002
1464,655,0.003
1465,656,0.003
1466,657,0.003
1467,660,0.003
1468,9392,0.003
1469,658,0.003
1470,9387,0.003
1471,9388,0.003
1472,659,0.003
1473,10016,0.003
1474,9393,0.002
1475,9395,0.003
1476,9386,0.002
1477,9366,0.002
1478,10007,0.003
1479,10015,0.003
1480,9394,0.002
1481,10006,0.002
1482,10008,0.002
1483,10017,0.002
1484,109374,0.011
1485,1494585,0.011
1486,109369,0.012
1487,109363,0.011
1488,139986,0.011
1489,3441,0.004
1490,3465,0.004
1491,3466,0.003
1492,3437,0.003
1493,3438,0.003
1494,3450,0.003
1495,3460,0.003
1496,3380,0.003
1497,3442,0.003
1498,666,0.015
1499,667,0.015
1500,668,0.015
1501,800,0.015
1502,853,0.015
1503,669,0.015
1504,828,0.015
1505,829,0.015
1506,743,0.015
1507,744,0.015
1508,745,0.015
1509,798,0.015
1510,852,0.014
1511,860,0.015
1512,742,0.015
1513,763,0.015
1514,826,0.014
1515,838,0.015
1516,842,0.015
1517,830,0.015
1518,713,0.016
1519,847,0.015
1520,670,0.015
1521,671,0.015
1522,41890,0.015
1523,109337,0.015
1524,690,0.015
1525,109344,0.015
1526,41891,0.015
1527,4414,0.014
1528,109323,0.014
1529,109336,0.014
1530,691,0.015
1531,40819,0.015
1532,109345,0.015
1533,109343,0.015
1534,146896,0.015
1535,694,0.016
1536,693,0.017
1537,738,0.018
1538,36180,0.017
1539,678,0.009
1540,679,0.009
1541,701,0.009
1542,680,0.009
1543,1998,0.009
1544,700,0.009
1545,752,0.009
1546,2004,0.009
1547,1999,0.008
1548,1015,0.009
1549,1079,0.008
1550,3990,0.009
1551,1016,0.009
1552,748,0.009
1553,684,0.003
1554,685,0.004
1555,686,0.004
1556,10312,0.003
1557,689,0.004
1558,10233,0.003
1559,687,0.004
1560,10317,0.003
1561,10313,0.002
1562,688,0.004
1563,10300,0.003
1564,10221,0.002
1565,10234,0.002
1566,10318,0.003
1567,10315,0.003
1568,10296,0.003
1569,10298,0.003
1570,10319,0.003
1571,10607,0.002
1572,10610,0.002
1573,10299,0.003
1574,10295,0.003
1575,10297,0.002
1576,10237,0.002
1577,37029,0.015
1578,709,0.015
1579,40820,0.016
1580,109346,0.015
1581,109359,0.014
1582,37028,0.016
1583,739,0.017
1584,720,0.017
1585,740,0.017
1586,737,0.018
1587,696,0.014
1588,697,0.015
1589,698,0.014
1590,712,0.015
1591,711,0.015
1592,707,0.015
1593,708,0.015
1594,706,0.016
1595,753,0.008
1596,747,0.009
1597,754,0.009
1598,751,0.008
1599,702,0.016
1600,703,0.015
1601,704,0.015
1602,705,0.016
1603,715,0.015
1604,109347,0.015
1605,741,0.016
1606,710,0.014
1607,716,0.014
1608,146937,0.014
1609,714,0.015
1610,41823,0.016
1611,717,0.015
1612,844,0.015
1613,843,0.015
1614,870,0.015
1615,718,0.016
1616,719,0.016
1617,721,0.016
1618,41824,0.015
1619,722,0.004
1620,723,0.005
1621,724,0.004
1622,19815,0.003
1623,726,0.004
1624,19820,0.003
1625,19821,0.004
1626,20397,0.004
1627,725,0.004
1628,19831,0.003
1629,19832,0.003
1630,19812,0.003
1631,19813,0.003
1632,19816,0.003
1633,16916,0.003
1634,16917,0.003
1635,19819,0.003
1636,19822,0.003
1637,19827,0.003
1638,19828,0.003
1639,16918,0.003
1640,19834,0.002
1641,19833,0.002
1642,16914,0.003
1643,727,0.016
1644,728,0.015
1645,729,0.016
1646,793,0.016
1647,794,0.016
1648,795,0.016
1649,746,0.015
1650,730,0.015
1651,731,0.016
1652,929,0.016
1653,792,0.016
1654,954,0.016
1655,797,0.016
1656,796,0.015
1657,801,0.015
1658,732,0.017
1659,953,0.016
1660,733,0.016
1661,734,0.017
1662,735,0.018
1663,963,0.017
1664,736,0.017
1665,897,0.017
1666,964,0.016
1667,904,0.018
1668,909,0.018
1669,901,0.019
1670,906,0.018
1671,908,0.019
1672,892,0.018
1673,956,0.019
1674,765,0.015
1675,766,0.015
1676,764,0.015
1677,799,0.014
1678,802,0.014
1679,749,0.008
1680,7897,0.008
1681,750,0.008
1682,7878,0.008
1683,7898,0.007
1684,7902,0.007
1685,4897,0.008
1686,761,0.008
1687,42389,0.008
1688,7875,0.007
1689,7879,0.007
1690,7825,0.008
1691,7826,0.007
1692,7877,0.007
1693,7823,0.007
1694,760,0.008
1695,7874,0.007
1696,757,0.007
1697,759,0.008
1698,7763,0.008
1699,7791,0.007
1700,7762,0.007
1701,7764,0.007
1702,7790,0.007
1703,7782,0.007
1704,7872,0.007
1705,7770,0.007
1706,7781,0.007
1707,7866,0.007
1708,7871,0.007
1709,7688,0.007
1710,762,0.002
1711,10154,0.001
1712,10156,0.001
1713,10148,0.001
1714,10155,0.001
1715,10149,0.001
1716,37362,0.001
1717,846,0.015
1718,848,0.015
1719,767,0.013
1720,769,0.013
1721,833,0.013
1722,771,0.013
1723,784,0.013
1724,109368,0.013
1725,770,0.014
1726,782,0.013
1727,835,0.012
1728,772,0.013
1729,791,0.014
1730,109367,0.013
1731,109365,0.013
1732,781,0.014
1733,783,0.013
1734,37032,0.013
1735,779,0.014
1736,785,0.014
1737,773,0.014
1738,774,0.014
1739,775,0.014
1740,876,0.014
1741,1494590,0.013
1742,776,0.014
1743,837,0.015
1744,874,0.014
1745,875,0.014
1746,41659,0.013
1747,1494591,0.013
1748,777,0.014
1749,839,0.013
1750,872,0.015
1751,778,0.013
1752,780,0.013
1753,786,0.013
1754,832,0.014
1755,827,0.014
1756,790,0.014
1757,819,0.013
1758,109364,0.013
1759,787,0.014
1760,871,0.014
1761,831,0.014
1762,788,0.013
1763,789,0.014
1764,845,0.014
1765,849,0.014
1766,820,0.014
1767,821,0.014
1768,825,0.014
1769,862,0.016
1770,955,0.017
1771,861,0.016
1772,960,0.016
1773,965,0.017
1774,857,0.015
1775,962,0.017
1776,859,0.015
1777,858,0.015
1778,803,0.019
1779,804,0.018
1780,805,0.019
1781,818,0.018
1782,900,0.019
1783,903,0.019
1784,806,0.018
1785,913,0.019
1786,985,0.018
1787,817,0.018
1788,899,0.018
1789,902,0.019
1790,987,0.018
1791,1005,0.018
1792,807,0.018
1793,810,0.018
1794,912,0.019
1795,914,0.018
1796,986,0.018
1797,808,0.017
1798,811,0.019
1799,809,0.016
1800,812,0.019
1801,813,0.019
1802,2195,0.019
1803,917,0.02
1804,918,0.019
1805,814,0.019
1806,2194,0.02
1807,41906,0.019
1808,815,0.018
1809,36188,0.018
1810,816,0.018
1811,883,0.018
1812,36194,0.018
1813,890,0.017
1814,889,0.017
1815,891,0.017
1816,898,0.017
1817,36191,0.017
1818,905,0.018
1819,824,0.014
1820,822,0.014
1821,869,0.014
1822,823,0.014
1823,868,0.014
1824,867,0.014
1825,109362,0.013
1826,841,0.015
1827,840,0.015
1828,854,0.014
1829,873,0.015
1830,850,0.015
1831,851,0.014
1832,877,0.015
1833,855,0.014
1834,856,0.014
1835,109361,0.014
1836,43513,0.014
1837,36226,0.015
1838,37036,0.015
1839,971,0.016
1840,36227,0.016
1841,863,0.005
1842,864,0.005
1843,866,0.005
1844,25183,0.004
1845,25187,0.004
1846,865,0.005
1847,24581,0.004
1848,24584,0.004
1849,25557,0.004
1850,42668,0.004
1851,25181,0.003
1852,25261,0.003
1853,25188,0.003
1854,25189,0.003
1855,24572,0.004
1856,42662,0.004
1857,24583,0.003
1858,24875,0.003
1859,24582,0.003
1860,25182,0.003
1861,24864,0.003
1862,38152,0.003
1863,24573,0.003
1864,24574,0.003
1865,25177,0.003
1866,25577,0.003
1867,42669,0.003
1868,37038,0.014
1869,1494595,0.014
1870,37035,0.014
1871,37037,0.015
1872,1494596,0.014
1873,972,0.015
1874,37034,0.015
1875,879,0.007
1876,880,0.007
1877,882,0.006
1878,2199,0.007
1879,4961,0.006
1880,881,0.007
1881,2191,0.007
1882,2192,0.008
1883,4968,0.006
1884,2200,0.007
1885,4900,0.006
1886,4962,0.006
1887,1137,0.007
1888,4964,0.006
1889,1018,0.008
1890,1019,0.008
1891,2193,0.007
1892,4963,0.005
1893,37237,0.005
1894,884,0.017
1895,885,0.018
1896,888,0.017
1897,36189,0.017
1898,886,0.018
1899,2196,0.018
1900,36195,0.018
1901,887,0.017
1902,2198,0.017
1903,2197,0.018
1904,41875,0.017
1905,36192,0.016
1906,893,0.017
1907,894,0.017
1908,998,0.018
1909,961,0.017
1910,895,0.017
1911,997,0.018
1912,1001,0.018
1913,896,0.016
1914,994,0.016
1915,999,0.017
1916,907,0.019
1917,959,0.02
1918,36181,0.018
1919,958,0.019
1920,957,0.019
1921,978,0.02
1922,981,0.018
1923,988,0.017
1924,1008,0.018
1925,1006,0.019
1926,910,0.003
1927,911,0.003
1928,35561,0.002
1929,35570,0.002
1930,35568,0.002
1931,35579,0.002
1932,35560,0.002
1933,35562,0.002
1934,35571,0.002
1935,35580,0.002
1936,35569,0.002
1937,35577,0.002
1938,35578,0.002
1939,916,0.019
1940,925,0.02
1941,915,0.019
1942,984,0.018
1943,926,0.019
1944,927,0.018
1945,928,0.019
1946,924,0.02
1947,41712,0.02
1948,2105,0.019
1949,919,0.02
1950,920,0.02
1951,921,0.02
1952,1036,0.02
1953,1037,0.021
1954,983,0.019
1955,922,0.02
1956,977,0.02
1957,36253,0.021
1958,982,0.019
1959,923,0.02
1960,1002,0.02
1961,41914,0.02
1962,41913,0.021
1963,2229,0.019
1964,41713,0.019
1965,41647,0.021
1966,41650,0.021
1967,930,0.021
1968,931,0.02
1969,932,0.021
1970,934,0.021
1971,37052,0.021
1972,933,0.02
1973,1026,0.02
1974,940,0.021
1975,41649,0.022
1976,935,0.021
1977,1014,0.021
1978,37050,0.02
1979,37053,0.021
1980,1027,0.02
1981,945,0.02
1982,939,0.021
1983,41975,0.02
1984,41646,0.021
1985,41976,0.022
1986,1043,0.019
1987,936,0.021
1988,1038,0.021
1989,937,0.021
1990,949,0.022
1991,1039,0.021
1992,938,0.021
1993,950,0.021
1994,1086,0.022
1995,2250,0.022
1996,2243,0.021
1997,2249,0.022
1998,41983,0.021
1999,41982,0.021
2000,941,0.003
2001,942,0.003
2002,943,0.003
2003,21594,0.002
2004,21744,0.003
2005,21553,0.003
2006,21599,0.003
2007,21595,0.002
2008,21743,0.002
2009,21931,0.002
2010,21552,0.002
2011,21556,0.002
2012,21598,0.002
2013,21924,0.002
2014,17397,0.002
2015,21907,0.002
2016,42356,0.002
2017,946,0.021
2018,947,0.02
2019,948,0.021
2020,1040,0.02
2021,37049,0.02
2022,37054,0.02
2023,1041,0.019
2024,37048,0.019
2025,37055,0.019
2026,37051,0.019
2027,37056,0.019
2028,1494770,0.019
2029,1032,0.02
2030,1074,0.022
2031,1088,0.022
2032,38043,0.021
2033,2244,0.02
2034,41992,0.021
2035,951,0.003
2036,952,0.002
2037,23187,0.003
2038,15690,0.002
2039,23188,0.003
2040,23421,0.003
2041,41724,0.003
2042,15589,0.002
2043,15689,0.002
2044,967,0.016
2045,966,0.016
2046,970,0.016
2047,1013,0.017
2048,1009,0.018
2049,979,0.019
2050,975,0.019
2051,1011,0.018
2052,1007,0.018
2053,1012,0.019
2054,969,0.016
2055,996,0.016
2056,1000,0.017
2057,995,0.017
2058,968,0.016
2059,36228,0.017
2060,37039,0.018
2061,1034,0.017
2062,973,0.016
2063,37041,0.015
2064,974,0.019
2065,976,0.02
2066,41715,0.019
2067,1494605,0.019
2068,1494608,0.018
2069,36254,0.019
2070,36256,0.018
2071,41714,0.018
2072,1494762,0.018
2073,1494763,0.018
2074,1494764,0.018
2075,37047,0.018
2076,1494604,0.018
2077,1486991,0.018
2078,1494769,0.018
2079,36255,0.018
2080,980,0.018
2081,1004,0.017
2082,1003,0.018
2083,989,0.017
2084,990,0.017
2085,993,0.017
2086,991,0.016
2087,992,0.016
2088,1035,0.017
2089,36230,0.017
2090,40968,0.017
2091,40969,0.017
2092,40970,0.016
2093,40971,0.016
2094,41915,0.019
2095,1010,0.018
2096,37043,0.018
2097,37045,0.017
2098,37044,0.017
2099,37046,0.018
2100,1494606,0.018
2101,1494607,0.018
2102,36229,0.017
2103,37040,0.017
2104,1494599,0.017
2105,1131,0.02
2106,41993,0.02
2107,1017,0.008
2108,1085,0.008
2109,1084,0.008
2110,1020,0.008
2111,1083,0.007
2112,1021,0.007
2113,1022,0.008
2114,2201,0.007
2115,7745,0.007
2116,7750,0.008
2117,4894,0.007
2118,4893,0.007
2119,7744,0.007
2120,7747,0.007
2121,7751,0.008
2122,1028,0.003
2123,1029,0.004
2124,1030,0.003
2125,18538,0.003
2126,1031,0.003
2127,18558,0.003
2128,18703,0.003
2129,18537,0.003
2130,18539,0.002
2131,18557,0.003
2132,18705,0.002
2133,18551,0.002
2134,18702,0.002
2135,38105,0.002
2136,18559,0.002
2137,18536,0.002
2138,18706,0.002
2139,38102,0.002
2140,1033,0.019
2141,1127,0.019
2142,1130,0.019
2143,1141,0.019
2144,1042,0.018
2145,36252,0.018
2146,36257,0.017
2147,41711,0.017
2148,1044,0.022
2149,1045,0.021
2150,1046,0.021
2151,1047,0.022
2152,1051,0.022
2153,2190,0.021
2154,2181,0.02
2155,2132,0.02
2156,2177,0.019
2157,2182,0.019
2158,1077,0.022
2159,2248,0.022
2160,41991,0.022
2161,1078,0.022
2162,1087,0.022
2163,2178,0.02
2164,2257,0.02
2165,1053,0.021
2166,1054,0.021
2167,1107,0.021
2168,1059,0.021
2169,1122,0.022
2170,1091,0.021
2171,1105,0.02
2172,1152,0.02
2173,1121,0.022
2174,1106,0.02
2175,1123,0.02
2176,1060,0.004
2177,1061,0.004
2178,1062,0.004
2179,23184,0.004
2180,23185,0.004
2181,1067,0.004
2182,41722,0.003
2183,1063,0.004
2184,23420,0.003
2185,1066,0.003
2186,1548998,0.003
2187,41723,0.003
2188,1064,0.003
2189,24030,0.003
2190,24053,0.003
2191,1065,0.003
2192,41677,0.003
2193,24029,0.003
2194,24052,0.003
2195,24060,0.003
2196,41676,0.002
2197,1558615,0.003
2198,1556132,0.002
2199,1556996,0.003
2200,1555107,0.003
2201,1097,0.022
2202,1109,0.021
2203,1117,0.022
2204,37075,0.022
2205,36236,0.021
2206,37074,0.021
2207,1151,0.021
2208,36172,0.021
2209,1108,0.021
2210,38042,0.021
2211,1080,0.008
2212,1081,0.007
2213,2002,0.007
2214,1082,0.007
2215,2001,0.007
2216,7809,0.007
2217,2003,0.006
2218,1132,0.006
2219,7799,0.006
2220,2000,0.006
2221,7810,0.006
2222,7821,0.006
2223,1133,0.006
2224,7780,0.006
2225,7800,0.006
2226,1136,0.006
2227,4969,0.006
2228,1140,0.02
2229,2246,0.021
2230,1104,0.02
2231,1162,0.019
2232,1173,0.019
2233,1111,0.021
2234,1125,0.021
2235,1102,0.019
2236,1163,0.02
2237,1164,0.019
2238,1150,0.019
2239,36167,0.02
2240,36170,0.02
2241,1112,0.002
2242,1113,0.002
2243,1115,0.001
2244,25442,0.001
2245,1114,0.001
2246,37064,0.001
2247,37079,0.001
