,Node,Katz Centrality
0,0,0.021
1,1,0.021
2,2,0.02
3,469,0.021
4,6,0.02
5,385,0.022
6,3,0.023
7,380,0.022
8,37415,0.02
9,5,0.022
10,384,0.022
11,386,0.022
12,4,0.023
13,419,0.022
14,422,0.023
15,98,0.023
16,420,0.022
17,35698,0.022
18,183,0.023
19,423,0.022
20,470,0.023
21,35729,0.021
22,35709,0.021
23,7,0.021
24,8,0.02
25,9,0.022
26,79,0.022
27,33,0.021
28,10,0.023
29,84,0.023
30,78,0.021
31,119,0.023
32,32,0.022
33,34,0.019
34,11,0.022
35,110,0.023
36,83,0.022
37,85,0.019
38,12,0.023
39,111,0.022
40,112,0.023
41,13,0.023
42,95,0.022
43,108,0.023
44,14,0.022
45,94,0.022
46,109,0.022
47,113,0.022
48,123,0.022
49,96,0.02
50,15,0.019
51,16,0.021
52,77,0.022
53,93,0.021
54,17,0.023
55,18,0.022
56,3254,0.023
57,19,0.022
58,3255,0.023
59,36971,0.019
60,20,0.021
61,23,0.021
62,21,0.019
63,22,0.019
64,24,0.019
65,25,0.021
66,26,0.019
67,27,0.021
68,28,0.019
69,29,0.022
70,30,0.023
71,31,0.022
72,3247,0.021
73,3253,0.022
74,35943,0.019
75,3246,0.022
76,3248,0.019
77,3249,0.019
78,3204,0.019
79,35950,0.019
80,2203,0.022
81,3252,0.019
82,3257,0.019
83,2146,0.019
84,2204,0.019
85,35,0.022
86,36,0.023
87,50,0.022
88,1199,0.022
89,37,0.022
90,35885,0.021
91,1645159,0.022
92,49,0.022
93,185,0.022
94,1198,0.022
95,1205,0.02
96,38,0.022
97,1641586,0.021
98,35884,0.019
99,1645157,0.02
100,1645156,0.019
101,1648644,0.019
102,39,0.022
103,1633418,0.02
104,40,0.022
105,1641587,0.022
106,41,0.022
107,1641577,0.021
108,1641576,0.02
109,1641606,0.019
110,42,0.022
111,1641355,0.022
112,1641363,0.02
113,43,0.022
114,1639779,0.021
115,1628954,0.019
116,1639780,0.02
117,44,0.022
118,45,0.023
119,1542024,0.021
120,46,0.023
121,1154,0.021
122,1538392,0.022
123,1542023,0.019
124,1639781,0.019
125,47,0.022
126,27108,0.021
127,27325,0.022
128,1153,0.019
129,1155,0.019
130,1538362,0.019
131,1538390,0.019
132,1538391,0.019
133,48,0.022
134,27107,0.019
135,27250,0.019
136,27323,0.019
137,27335,0.019
138,27343,0.022
139,184,0.022
140,27342,0.019
141,35887,0.019
142,39411,0.019
143,35886,0.022
144,52,0.022
145,53,0.023
146,54,0.022
147,4152,0.022
148,223,0.023
149,225,0.023
150,4120,0.022
151,4148,0.023
152,4153,0.021
153,4156,0.019
154,224,0.023
155,3937,0.023
156,4113,0.022
157,4114,0.022
158,4154,0.019
159,55,0.023
160,56,0.022
161,57,0.023
162,1068,0.024
163,1099,0.019
164,76,0.022
165,1069,0.022
166,58,0.023
167,1071,0.023
168,1072,0.022
169,1096,0.022
170,1116,0.023
171,36235,0.021
172,74,0.021
173,1075,0.021
174,59,0.022
175,1089,0.023
176,32419,0.021
177,1070,0.023
178,1098,0.022
179,1110,0.022
180,60,0.019
181,61,0.019
182,62,0.022
183,171,0.023
184,172,0.022
185,63,0.022
186,64,0.022
187,339,0.023
188,65,0.023
189,2220,0.021
190,338,0.023
191,341,0.021
192,36187,0.019
193,66,0.023
194,2155,0.021
195,2157,0.022
196,2219,0.02
197,2221,0.019
198,67,0.019
199,68,0.023
200,2254,0.022
201,2156,0.019
202,2158,0.019
203,2161,0.019
204,69,0.019
205,70,0.023
206,2251,0.022
207,2252,0.02
208,71,0.022
209,1052,0.023
210,72,0.021
211,1049,0.022
212,1050,0.022
213,2256,0.021
214,2258,0.02
215,73,0.019
216,1048,0.022
217,75,0.019
218,1073,0.022
219,1076,0.019
220,80,0.02
221,455,0.022
222,81,0.022
223,105,0.022
224,454,0.023
225,116,0.022
226,118,0.022
227,342,0.023
228,82,0.022
229,104,0.023
230,107,0.023
231,124,0.022
232,114,0.019
233,86,0.023
234,87,0.022
235,88,0.022
236,128,0.023
237,315,0.02
238,97,0.023
239,134,0.023
240,89,0.021
241,146,0.022
242,129,0.023
243,452,0.022
244,135,0.023
245,316,0.022
246,90,0.019
247,91,0.02
248,92,0.02
249,133,0.022
250,132,0.022
251,139,0.022
252,410,0.023
253,471,0.02
254,35881,0.021
255,35728,0.019
256,99,0.023
257,100,0.023
258,101,0.023
259,136,0.024
260,6790,0.024
261,103,0.023
262,137,0.023
263,6760,0.023
264,102,0.023
265,6771,0.023
266,421,0.023
267,6792,0.023
268,6805,0.023
269,6791,0.021
270,6802,0.021
271,6713,0.023
272,6748,0.022
273,6764,0.022
274,6757,0.019
275,6733,0.022
276,6738,0.025
277,6772,0.021
278,6722,0.019
279,6734,0.021
280,6736,0.021
281,6737,0.02
282,6765,0.02
283,6711,0.019
284,6714,0.019
285,6717,0.019
286,6747,0.019
287,6759,0.019
288,106,0.023
289,151,0.023
290,150,0.022
291,152,0.022
292,115,0.023
293,117,0.023
294,120,0.023
295,169,0.022
296,122,0.021
297,121,0.022
298,170,0.019
299,36184,0.019
300,453,0.02
301,340,0.022
302,36185,0.019
303,125,0.024
304,126,0.023
305,127,0.023
306,176,0.023
307,355,0.021
308,383,0.023
309,354,0.022
310,353,0.023
311,443,0.02
312,381,0.022
313,153,0.023
314,155,0.022
315,37498,0.02
316,356,0.023
317,358,0.022
318,442,0.021
319,130,0.023
320,154,0.023
321,444,0.023
322,145,0.023
323,41762,0.019
324,131,0.019
325,359,0.023
326,36966,0.02
327,41761,0.019
328,138,0.022
329,387,0.022
330,6770,0.022
331,6793,0.024
332,6797,0.019
333,6763,0.019
334,6766,0.019
335,388,0.022
336,140,0.021
337,141,0.022
338,142,0.022
339,391,0.02
340,389,0.021
341,392,0.021
342,390,0.019
343,143,0.022
344,144,0.023
345,177,0.022
346,178,0.022
347,186,0.022
348,187,0.022
349,41763,0.019
350,147,0.022
351,148,0.021
352,149,0.022
353,166,0.021
354,167,0.019
355,168,0.019
356,317,0.021
357,162,0.021
358,36963,0.019
359,303,0.023
360,318,0.019
361,357,0.022
362,156,0.022
363,157,0.022
364,158,0.022
365,1057,0.022
366,175,0.022
367,1093,0.022
368,159,0.022
369,1058,0.021
370,173,0.021
371,160,0.021
372,1056,0.022
373,161,0.021
374,36965,0.019
375,1055,0.022
376,36964,0.019
377,163,0.021
378,164,0.019
379,165,0.019
380,174,0.019
381,314,0.021
382,179,0.023
383,180,0.023
384,181,0.023
385,425,0.023
386,42066,0.023
387,379,0.022
388,434,0.023
389,182,0.023
390,426,0.023
391,35695,0.022
392,424,0.022
393,42067,0.021
394,42074,0.022
395,435,0.022
396,460,0.023
397,42076,0.019
398,35699,0.019
399,35696,0.019
400,35703,0.02
401,35746,0.022
402,35890,0.019
403,35891,0.019
404,35892,0.019
405,35895,0.019
406,312,0.021
407,41764,0.019
408,188,0.022
409,189,0.023
410,190,0.023
411,369,0.021
412,191,0.022
413,193,0.023
414,351,0.022
415,367,0.021
416,368,0.02
417,441,0.021
418,360,0.022
419,440,0.02
420,192,0.022
421,195,0.022
422,461,0.022
423,350,0.022
424,371,0.023
425,194,0.023
426,201,0.021
427,203,0.022
428,375,0.023
429,202,0.02
430,352,0.022
431,462,0.02
432,373,0.023
433,374,0.023
434,42079,0.023
435,196,0.022
436,197,0.021
437,198,0.021
438,7178,0.021
439,200,0.02
440,23401,0.021
441,199,0.02
442,15697,0.021
443,7176,0.019
444,7179,0.021
445,503,0.022
446,24015,0.019
447,7332,0.019
448,15686,0.019
449,205,0.023
450,372,0.022
451,204,0.023
452,206,0.021
453,213,0.023
454,209,0.023
455,207,0.022
456,433,0.019
457,211,0.023
458,212,0.023
459,208,0.023
460,344,0.022
461,432,0.023
462,260,0.023
463,343,0.022
464,210,0.022
465,235,0.022
466,227,0.022
467,230,0.023
468,236,0.022
469,41752,0.021
470,370,0.023
471,41755,0.021
472,229,0.022
473,261,0.019
474,226,0.022
475,234,0.022
476,214,0.022
477,215,0.022
478,216,0.022
479,309,0.021
480,308,0.022
481,310,0.019
482,311,0.019
483,313,0.019
484,307,0.022
485,36178,0.021
486,217,0.022
487,218,0.022
488,222,0.024
489,7925,0.019
490,219,0.022
491,7923,0.021
492,221,0.023
493,4895,0.022
494,4899,0.022
495,7926,0.023
496,220,0.022
497,7922,0.021
498,7924,0.019
499,7931,0.021
500,7921,0.019
501,7901,0.022
502,7918,0.022
503,7932,0.02
504,7937,0.019
505,7881,0.019
506,7888,0.019
507,7882,0.019
508,7887,0.019
509,4896,0.022
510,4898,0.023
511,7927,0.021
512,43222,0.019
513,4109,0.022
514,4110,0.021
515,3940,0.02
516,3938,0.019
517,4100,0.019
518,4096,0.019
519,4099,0.019
520,4117,0.021
521,4149,0.019
522,228,0.022
523,251,0.022
524,255,0.021
525,273,0.022
526,233,0.023
527,254,0.02
528,259,0.023
529,42078,0.022
530,231,0.022
531,232,0.022
532,289,0.022
533,245,0.022
534,276,0.023
535,288,0.022
536,250,0.023
537,244,0.022
538,246,0.019
539,247,0.022
540,274,0.019
541,275,0.019
542,277,0.019
543,278,0.022
544,41753,0.019
545,41754,0.019
546,243,0.022
547,248,0.023
548,237,0.022
549,238,0.023
550,239,0.024
551,3930,0.021
552,241,0.022
553,3295,0.021
554,240,0.022
555,3271,0.021
556,3889,0.022
557,3931,0.019
558,3292,0.022
559,3296,0.022
560,4080,0.019
561,3276,0.022
562,3272,0.019
563,3888,0.019
564,3890,0.019
565,3275,0.019
566,3277,0.019
567,3291,0.022
568,242,0.022
569,36218,0.02
570,253,0.02
571,249,0.019
572,36219,0.019
573,252,0.02
574,1159,0.021
575,1158,0.021
576,256,0.02
577,257,0.022
578,258,0.023
579,272,0.022
580,35850,0.023
581,42587,0.022
582,271,0.022
583,35851,0.023
584,36974,0.022
585,42588,0.019
586,42586,0.022
587,36975,0.019
588,42077,0.019
589,262,0.022
590,263,0.023
591,264,0.021
592,549,0.02
593,550,0.021
594,265,0.02
595,267,0.022
596,548,0.02
597,279,0.019
598,36211,0.021
599,525,0.022
600,36210,0.019
601,266,0.019
602,268,0.023
603,1918,0.021
604,269,0.021
605,290,0.023
606,297,0.022
607,1919,0.022
608,36987,0.019
609,270,0.022
610,42585,0.019
611,291,0.022
612,327,0.022
613,1920,0.019
614,296,0.022
615,42583,0.023
616,301,0.022
617,42582,0.023
618,280,0.022
619,281,0.022
620,282,0.023
621,35769,0.021
622,285,0.023
623,42598,0.022
624,283,0.022
625,286,0.023
626,35773,0.019
627,35768,0.02
628,35852,0.019
629,284,0.023
630,35845,0.022
631,35846,0.023
632,35841,0.019
633,35854,0.019
634,42600,0.019
635,287,0.023
636,35772,0.02
637,35775,0.021
638,35847,0.022
639,35844,0.019
640,35771,0.019
641,35774,0.019
642,42570,0.019
643,35848,0.019
644,36212,0.019
645,36215,0.019
646,292,0.022
647,293,0.023
648,480,0.022
649,294,0.023
650,35805,0.019
651,479,0.022
652,295,0.02
653,35795,0.022
654,35796,0.022
655,35797,0.019
656,35799,0.019
657,35770,0.02
658,42584,0.019
659,298,0.022
660,299,0.022
661,300,0.022
662,35863,0.022
663,302,0.022
664,304,0.019
665,305,0.023
666,1092,0.023
667,306,0.022
668,1103,0.022
669,1156,0.022
670,1090,0.022
671,1100,0.022
672,1143,0.022
673,1101,0.021
674,1124,0.022
675,1157,0.02
676,1165,0.022
677,319,0.019
678,320,0.019
679,321,0.023
680,322,0.023
681,323,0.023
682,326,0.023
683,3481,0.022
684,324,0.023
685,325,0.024
686,3479,0.023
687,3430,0.022
688,3432,0.022
689,4173,0.023
690,4175,0.023
691,3434,0.02
692,3431,0.023
693,3475,0.023
694,3480,0.023
695,4181,0.023
696,3482,0.019
697,3369,0.019
698,3429,0.019
699,3415,0.019
700,3427,0.019
701,3416,0.019
702,3474,0.021
703,3476,0.019
704,3424,0.019
705,4178,0.021
706,4174,0.021
707,4179,0.021
708,4182,0.019
709,4132,0.019
710,36979,0.022
711,36980,0.019
712,328,0.021
713,329,0.022
714,330,0.022
715,40094,0.019
716,11435,0.021
717,12041,0.021
718,11433,0.02
719,11434,0.019
720,12022,0.019
721,12058,0.019
722,331,0.022
723,332,0.022
724,333,0.021
725,35734,0.021
726,404,0.02
727,36967,0.019
728,35731,0.019
729,35735,0.019
730,405,0.022
731,334,0.02
732,335,0.02
733,337,0.021
734,336,0.021
735,12138,0.021
736,12176,0.022
737,12175,0.019
738,12202,0.019
739,12032,0.019
740,12033,0.019
741,36186,0.019
742,2202,0.019
743,42082,0.022
744,42081,0.019
745,42594,0.019
746,42595,0.019
747,345,0.022
748,346,0.024
749,347,0.023
750,3294,0.022
751,349,0.023
752,3290,0.022
753,3338,0.022
754,348,0.022
755,3285,0.022
756,3339,0.023
757,3293,0.019
758,3319,0.023
759,3284,0.019
760,3286,0.019
761,3314,0.019
762,3340,0.019
763,3347,0.019
764,36261,0.019
765,382,0.021
766,361,0.022
767,362,0.023
768,363,0.023
769,41760,0.019
770,364,0.021
771,41759,0.019
772,365,0.019
773,366,0.022
774,41758,0.019
775,41756,0.019
776,41757,0.019
777,42597,0.019
778,376,0.022
779,377,0.023
780,378,0.023
781,16472,0.021
782,12226,0.021
783,12227,0.021
784,12230,0.02
785,12247,0.021
786,1176,0.019
787,37523,0.019
788,12225,0.019
789,16399,0.019
790,12228,0.019
791,12229,0.019
792,12231,0.019
793,12248,0.019
794,37522,0.019
795,393,0.02
796,468,0.021
797,394,0.022
798,395,0.022
799,396,0.022
800,7162,0.023
801,399,0.022
802,42094,0.023
803,397,0.022
804,7163,0.023
805,7184,0.021
806,7186,0.021
807,398,0.022
808,457,0.025
809,42329,0.019
810,3263,0.022
811,3261,0.021
812,3264,0.019
813,21184,0.019
814,3262,0.019
815,20839,0.019
816,456,0.022
817,459,0.022
818,20849,0.022
819,41945,0.023
820,400,0.022
821,401,0.022
822,403,0.022
823,592,0.022
824,402,0.022
825,41613,0.021
826,450,0.021
827,591,0.022
828,2661,0.021
829,445,0.022
830,2625,0.019
831,42211,0.019
832,446,0.022
833,40748,0.021
834,449,0.021
835,451,0.019
836,411,0.022
837,472,0.021
838,36193,0.02
839,406,0.022
840,407,0.023
841,408,0.022
842,6024,0.021
843,409,0.023
844,6025,0.022
845,36209,0.022
846,6300,0.021
847,6048,0.019
848,5636,0.022
849,6301,0.022
850,6049,0.019
851,36224,0.02
852,6302,0.019
853,5637,0.02
854,5638,0.019
855,473,0.019
856,35717,0.019
857,412,0.022
858,413,0.023
859,414,0.022
860,683,0.021
861,418,0.022
862,755,0.023
863,7795,0.022
864,415,0.022
865,682,0.022
866,677,0.02
867,699,0.022
868,417,0.023
869,7794,0.023
870,756,0.02
871,758,0.022
872,7793,0.021
873,7792,0.02
874,416,0.021
875,681,0.022
876,1025,0.019
877,1024,0.022
878,7757,0.023
879,1023,0.022
880,7756,0.023
881,7755,0.019
882,7787,0.019
883,35405,0.019
884,35710,0.019
885,6769,0.019
886,6794,0.019
887,6798,0.019
888,427,0.022
889,35747,0.022
890,42052,0.022
891,35748,0.019
892,35749,0.019
893,42058,0.019
894,42053,0.019
895,42054,0.019
896,428,0.023
897,429,0.023
898,430,0.023
899,7190,0.022
900,40005,0.02
901,431,0.023
902,12629,0.022
903,40022,0.022
904,5927,0.022
905,5970,0.021
906,611,0.023
907,7156,0.019
908,40006,0.019
909,5925,0.02
910,6855,0.019
911,40015,0.019
912,40017,0.019
913,40023,0.019
914,5928,0.019
915,5929,0.019
916,5971,0.02
917,7130,0.019
918,5926,0.021
919,436,0.022
920,437,0.022
921,439,0.023
922,23898,0.021
923,438,0.023
924,33468,0.022
925,20655,0.023
926,23896,0.023
927,23897,0.02
928,40853,0.019
929,15713,0.022
930,33467,0.019
931,33469,0.019
932,39690,0.019
933,39962,0.019
934,15712,0.019
935,15714,0.019
936,40848,0.019
937,39978,0.019
938,447,0.022
939,2648,0.021
940,40749,0.02
941,42208,0.019
942,448,0.02
943,2647,0.022
944,2649,0.019
945,2646,0.019
946,2934,0.019
947,2938,0.019
948,2652,0.022
949,458,0.024
950,21970,0.021
951,20811,0.022
952,20812,0.022
953,21121,0.022
954,20869,0.019
955,21969,0.02
956,20848,0.019
957,21122,0.022
958,41944,0.019
959,42092,0.019
960,20813,0.02
961,20772,0.019
962,20803,0.019
963,42073,0.019
964,42596,0.019
965,463,0.022
966,464,0.023
967,467,0.023
968,20571,0.022
969,465,0.023
970,5314,0.021
971,5315,0.021
972,466,0.022
973,20718,0.022
974,25505,0.022
975,20572,0.019
976,20576,0.02
977,20725,0.019
978,40105,0.021
979,41916,0.021
980,5312,0.019
981,42134,0.019
982,5313,0.019
983,41917,0.019
984,40104,0.019
985,40110,0.019
986,20554,0.021
987,20716,0.019
988,20723,0.019
989,20534,0.019
990,20556,0.019
991,35739,0.019
992,474,0.02
993,475,0.023
994,476,0.022
995,1594983,0.021
996,478,0.023
997,477,0.02
998,36977,0.021
999,36986,0.022
1000,1594984,0.019
1001,1610675,0.019
1002,36978,0.02
1003,1594985,0.019
1004,35803,0.022
1005,36976,0.02
1006,35800,0.019
1007,35809,0.019
1008,35818,0.019
1009,481,0.02
1010,482,0.021
1011,507,0.021
1012,483,0.022
1013,506,0.022
1014,21548,0.021
1015,484,0.023
1016,4074,0.022
1017,5805,0.019
1018,485,0.02
1019,4040,0.021
1020,4041,0.02
1021,5937,0.019
1022,486,0.022
1023,4039,0.02
1024,487,0.021
1025,5809,0.022
1026,488,0.019
1027,489,0.022
1028,5807,0.02
1029,5943,0.019
1030,490,0.022
1031,5808,0.022
1032,491,0.022
1033,5951,0.023
1034,492,0.022
1035,4077,0.022
1036,5948,0.019
1037,493,0.022
1038,4076,0.021
1039,4075,0.02
1040,5954,0.019
1041,494,0.022
1042,7131,0.022
1043,5813,0.02
1044,495,0.022
1045,7133,0.022
1046,7132,0.02
1047,7152,0.019
1048,496,0.022
1049,7154,0.023
1050,497,0.022
1051,7145,0.022
1052,7153,0.019
1053,7161,0.019
1054,7206,0.019
1055,498,0.02
1056,7142,0.023
1057,7146,0.019
1058,7207,0.019
1059,499,0.022
1060,7141,0.023
1061,500,0.022
1062,501,0.024
1063,502,0.022
1064,7164,0.023
1065,7165,0.023
1066,23431,0.022
1067,7144,0.019
1068,7166,0.021
1069,7180,0.02
1070,504,0.022
1071,505,0.023
1072,4044,0.022
1073,24013,0.02
1074,24012,0.021
1075,21549,0.019
1076,24014,0.019
1077,509,0.022
1078,510,0.022
1079,511,0.023
1080,6685,0.022
1081,513,0.022
1082,6681,0.022
1083,512,0.023
1084,6684,0.023
1085,6696,0.023
1086,6679,0.021
1087,6699,0.019
1088,6616,0.021
1089,6621,0.02
1090,6682,0.019
1091,6604,0.022
1092,6683,0.023
1093,6700,0.021
1094,6963,0.019
1095,6953,0.019
1096,6605,0.02
1097,6606,0.019
1098,6620,0.021
1099,6893,0.019
1100,514,0.023
1101,515,0.022
1102,516,0.024
1103,1119,0.022
1104,5892,0.019
1105,1120,0.021
1106,5883,0.022
1107,5884,0.023
1108,5894,0.023
1109,1118,0.02
1110,5890,0.019
1111,5896,0.019
1112,5902,0.019
1113,5874,0.021
1114,5882,0.019
1115,5893,0.019
1116,5862,0.019
1117,5854,0.019
1118,5864,0.019
1119,517,0.022
1120,518,0.023
1121,519,0.023
1122,8146,0.021
1123,520,0.023
1124,8154,0.021
1125,8155,0.023
1126,8145,0.023
1127,8153,0.024
1128,8137,0.019
1129,8147,0.02
1130,8156,0.019
1131,8152,0.021
1132,8157,0.019
1133,8124,0.019
1134,8148,0.019
1135,8151,0.019
1136,521,0.021
1137,522,0.021
1138,36982,0.02
1139,36992,0.021
1140,523,0.022
1141,36983,0.019
1142,36991,0.019
1143,36993,0.019
1144,524,0.022
1145,526,0.022
1146,36201,0.021
1147,1166,0.021
1148,36200,0.019
1149,36202,0.019
1150,1167,0.019
1151,527,0.022
1152,528,0.023
1153,529,0.022
1154,532,0.023
1155,531,0.023
1156,534,0.023
1157,5432,0.022
1158,530,0.022
1159,5418,0.022
1160,533,0.022
1161,5444,0.022
1162,5449,0.02
1163,5421,0.022
1164,5422,0.021
1165,535,0.022
1166,5433,0.022
1167,5438,0.022
1168,5423,0.022
1169,5368,0.019
1170,5417,0.021
1171,5424,0.021
1172,5367,0.019
1173,5391,0.019
1174,5420,0.019
1175,5450,0.02
1176,5445,0.019
1177,5448,0.019
1178,5443,0.021
1179,5437,0.019
1180,5442,0.02
1181,7984,0.019
1182,5431,0.019
1183,5436,0.019
1184,5447,0.019
1185,536,0.021
1186,537,0.022
1187,541,0.022
1188,542,0.02
1189,538,0.023
1190,36981,0.02
1191,540,0.022
1192,543,0.02
1193,539,0.022
1194,36985,0.022
1195,1603443,0.023
1196,1603442,0.021
1197,36984,0.019
1198,1607299,0.019
1199,1594982,0.021
1200,1607298,0.019
1201,1593601,0.019
1202,544,0.023
1203,545,0.022
1204,546,0.02
1205,4371,0.022
1206,4373,0.023
1207,547,0.02
1208,4481,0.022
1209,4372,0.021
1210,4476,0.019
1211,4487,0.019
1212,4485,0.019
1213,4480,0.019
1214,4484,0.019
1215,551,0.022
1216,552,0.022
1217,553,0.022
1218,559,0.022
1219,555,0.022
1220,556,0.022
1221,554,0.023
1222,36197,0.021
1223,558,0.022
1224,560,0.023
1225,557,0.022
1226,1189,0.021
1227,36196,0.019
1228,36207,0.019
1229,561,0.02
1230,1187,0.019
1231,1190,0.019
1232,568,0.02
1233,2023,0.021
1234,2025,0.021
1235,37003,0.021
1236,2024,0.02
1237,37015,0.019
1238,37004,0.02
1239,37005,0.019
1240,573,0.02
1241,562,0.022
1242,563,0.022
1243,566,0.023
1244,567,0.021
1245,564,0.021
1246,37017,0.021
1247,565,0.022
1248,569,0.022
1249,37020,0.019
1250,37016,0.019
1251,37018,0.019
1252,37019,0.019
1253,579,0.02
1254,577,0.02
1255,578,0.02
1256,570,0.02
1257,571,0.02
1258,572,0.02
1259,589,0.02
1260,574,0.02
1261,580,0.02
1262,575,0.02
1263,587,0.02
1264,576,0.02
1265,588,0.02
1266,590,0.02
1267,581,0.022
1268,582,0.022
1269,583,0.021
1270,22099,0.021
1271,586,0.022
1272,584,0.021
1273,22098,0.021
1274,21926,0.019
1275,585,0.025
1276,944,0.022
1277,21927,0.019
1278,22151,0.019
1279,22105,0.021
1280,22107,0.022
1281,22113,0.022
1282,31944,0.022
1283,22108,0.02
1284,17398,0.019
1285,22106,0.019
1286,2575,0.019
1287,2653,0.019
1288,2935,0.019
1289,2660,0.019
1290,2671,0.019
1291,593,0.019
1292,596,0.021
1293,594,0.021
1294,595,0.021
1295,36021,0.019
1296,36020,0.021
1297,36017,0.019
1298,36022,0.019
1299,597,0.023
1300,598,0.022
1301,599,0.022
1302,6851,0.021
1303,7251,0.021
1304,7066,0.022
1305,6859,0.021
1306,6007,0.019
1307,7261,0.019
1308,7250,0.019
1309,7263,0.02
1310,7068,0.019
1311,7351,0.019
1312,6858,0.019
1313,7067,0.019
1314,600,0.023
1315,601,0.023
1316,603,0.022
1317,663,0.022
1318,3470,0.022
1319,602,0.022
1320,3484,0.024
1321,3498,0.023
1322,664,0.023
1323,665,0.023
1324,3469,0.022
1325,3473,0.019
1326,3494,0.021
1327,3452,0.022
1328,3478,0.019
1329,3497,0.019
1330,3504,0.019
1331,3453,0.02
1332,3439,0.023
1333,3451,0.022
1334,604,0.023
1335,605,0.02
1336,606,0.022
1337,676,0.023
1338,36183,0.023
1339,608,0.022
1340,607,0.022
1341,41826,0.021
1342,675,0.023
1343,695,0.022
1344,36179,0.023
1345,36182,0.022
1346,36190,0.02
1347,673,0.022
1348,41825,0.019
1349,41892,0.019
1350,672,0.023
1351,674,0.021
1352,692,0.023
1353,609,0.021
1354,610,0.022
1355,614,0.022
1356,40021,0.02
1357,6013,0.021
1358,613,0.022
1359,40010,0.021
1360,40020,0.019
1361,612,0.021
1362,7188,0.021
1363,6012,0.019
1364,6014,0.019
1365,40004,0.019
1366,7189,0.019
1367,7192,0.019
1368,40009,0.019
1369,615,0.021
1370,616,0.022
1371,617,0.02
1372,1494580,0.021
1373,624,0.022
1374,661,0.023
1375,618,0.022
1376,1494584,0.019
1377,623,0.02
1378,662,0.023
1379,109371,0.021
1380,619,0.021
1381,37031,0.022
1382,620,0.022
1383,36225,0.02
1384,37030,0.021
1385,37033,0.022
1386,1494587,0.019
1387,621,0.02
1388,836,0.023
1389,834,0.022
1390,622,0.02
1391,768,0.024
1392,109373,0.023
1393,109372,0.022
1394,139985,0.021
1395,625,0.021
1396,626,0.02
1397,648,0.022
1398,12653,0.021
1399,627,0.02
1400,639,0.023
1401,12794,0.021
1402,12654,0.019
1403,12655,0.019
1404,628,0.02
1405,629,0.021
1406,630,0.02
1407,12608,0.022
1408,631,0.021
1409,12604,0.019
1410,12607,0.019
1411,42214,0.019
1412,632,0.02
1413,1094,0.021
1414,633,0.021
1415,1095,0.019
1416,634,0.022
1417,635,0.022
1418,12593,0.021
1419,636,0.022
1420,12597,0.021
1421,12594,0.019
1422,35973,0.019
1423,637,0.021
1424,12613,0.021
1425,12596,0.019
1426,35971,0.019
1427,638,0.022
1428,36326,0.02
1429,12610,0.019
1430,12612,0.02
1431,12790,0.021
1432,640,0.022
1433,12793,0.021
1434,12791,0.019
1435,36327,0.019
1436,641,0.023
1437,647,0.02
1438,12792,0.019
1439,12795,0.019
1440,642,0.021
1441,644,0.022
1442,646,0.021
1443,643,0.019
1444,645,0.02
1445,12796,0.019
1446,33767,0.019
1447,649,0.022
1448,650,0.022
1449,651,0.022
1450,654,0.022
1451,41880,0.021
1452,41885,0.021
1453,652,0.022
1454,653,0.021
1455,41888,0.019
1456,41881,0.019
1457,41882,0.019
1458,41886,0.019
1459,41887,0.019
1460,2085,0.021
1461,41879,0.019
1462,2082,0.019
1463,2084,0.019
1464,655,0.02
1465,656,0.021
1466,657,0.023
1467,660,0.022
1468,9392,0.021
1469,658,0.022
1470,9387,0.021
1471,9388,0.021
1472,659,0.023
1473,10016,0.021
1474,9393,0.019
1475,9395,0.021
1476,9386,0.019
1477,9366,0.019
1478,10007,0.021
1479,10015,0.022
1480,9394,0.019
1481,10006,0.02
1482,10008,0.019
1483,10017,0.019
1484,109374,0.019
1485,1494585,0.019
1486,109369,0.02
1487,109363,0.019
1488,139986,0.019
1489,3441,0.022
1490,3465,0.021
1491,3466,0.02
1492,3437,0.019
1493,3438,0.021
1494,3450,0.019
1495,3460,0.019
1496,3380,0.019
1497,3442,0.019
1498,666,0.023
1499,667,0.023
1500,668,0.023
1501,800,0.023
1502,853,0.022
1503,669,0.023
1504,828,0.023
1505,829,0.022
1506,743,0.022
1507,744,0.023
1508,745,0.024
1509,798,0.022
1510,852,0.02
1511,860,0.022
1512,742,0.022
1513,763,0.023
1514,826,0.022
1515,838,0.022
1516,842,0.022
1517,830,0.021
1518,713,0.023
1519,847,0.022
1520,670,0.023
1521,671,0.023
1522,41890,0.02
1523,109337,0.021
1524,690,0.023
1525,109344,0.021
1526,41891,0.019
1527,4414,0.019
1528,109323,0.019
1529,109336,0.019
1530,691,0.022
1531,40819,0.022
1532,109345,0.022
1533,109343,0.019
1534,146896,0.019
1535,694,0.022
1536,693,0.022
1537,738,0.023
1538,36180,0.022
1539,678,0.021
1540,679,0.022
1541,701,0.022
1542,680,0.022
1543,1998,0.021
1544,700,0.021
1545,752,0.022
1546,2004,0.022
1547,1999,0.019
1548,1015,0.022
1549,1079,0.022
1550,3990,0.022
1551,1016,0.023
1552,748,0.022
1553,684,0.021
1554,685,0.022
1555,686,0.022
1556,10312,0.02
1557,689,0.022
1558,10233,0.021
1559,687,0.023
1560,10317,0.021
1561,10313,0.019
1562,688,0.023
1563,10300,0.021
1564,10221,0.019
1565,10234,0.019
1566,10318,0.022
1567,10315,0.019
1568,10296,0.021
1569,10298,0.021
1570,10319,0.02
1571,10607,0.019
1572,10610,0.019
1573,10299,0.019
1574,10295,0.02
1575,10297,0.019
1576,10237,0.019
1577,37029,0.02
1578,709,0.023
1579,40820,0.023
1580,109346,0.022
1581,109359,0.019
1582,37028,0.022
1583,739,0.023
1584,720,0.022
1585,740,0.022
1586,737,0.023
1587,696,0.021
1588,697,0.021
1589,698,0.02
1590,712,0.022
1591,711,0.022
1592,707,0.022
1593,708,0.022
1594,706,0.022
1595,753,0.019
1596,747,0.023
1597,754,0.023
1598,751,0.022
1599,702,0.022
1600,703,0.023
1601,704,0.019
1602,705,0.023
1603,715,0.02
1604,109347,0.022
1605,741,0.02
1606,710,0.019
1607,716,0.02
1608,146937,0.019
1609,714,0.022
1610,41823,0.023
1611,717,0.021
1612,844,0.021
1613,843,0.022
1614,870,0.02
1615,718,0.022
1616,719,0.022
1617,721,0.022
1618,41824,0.019
1619,722,0.022
1620,723,0.024
1621,724,0.023
1622,19815,0.022
1623,726,0.023
1624,19820,0.022
1625,19821,0.022
1626,20397,0.023
1627,725,0.022
1628,19831,0.021
1629,19832,0.02
1630,19812,0.019
1631,19813,0.019
1632,19816,0.021
1633,16916,0.021
1634,16917,0.022
1635,19819,0.02
1636,19822,0.019
1637,19827,0.019
1638,19828,0.02
1639,16918,0.02
1640,19834,0.019
1641,19833,0.019
1642,16914,0.019
1643,727,0.024
1644,728,0.022
1645,729,0.023
1646,793,0.023
1647,794,0.023
1648,795,0.023
1649,746,0.023
1650,730,0.019
1651,731,0.022
1652,929,0.023
1653,792,0.023
1654,954,0.023
1655,797,0.023
1656,796,0.022
1657,801,0.02
1658,732,0.023
1659,953,0.019
1660,733,0.019
1661,734,0.022
1662,735,0.021
1663,963,0.021
1664,736,0.019
1665,897,0.022
1666,964,0.019
1667,904,0.023
1668,909,0.023
1669,901,0.023
1670,906,0.022
1671,908,0.022
1672,892,0.023
1673,956,0.023
1674,765,0.023
1675,766,0.023
1676,764,0.022
1677,799,0.019
1678,802,0.02
1679,749,0.022
1680,7897,0.021
1681,750,0.022
1682,7878,0.021
1683,7898,0.019
1684,7902,0.019
1685,4897,0.02
1686,761,0.022
1687,42389,0.019
1688,7875,0.022
1689,7879,0.019
1690,7825,0.021
1691,7826,0.02
1692,7877,0.019
1693,7823,0.019
1694,760,0.023
1695,7874,0.021
1696,757,0.019
1697,759,0.022
1698,7763,0.021
1699,7791,0.019
1700,7762,0.021
1701,7764,0.019
1702,7790,0.019
1703,7782,0.021
1704,7872,0.02
1705,7770,0.019
1706,7781,0.02
1707,7866,0.019
1708,7871,0.02
1709,7688,0.019
1710,762,0.02
1711,10154,0.021
1712,10156,0.021
1713,10148,0.019
1714,10155,0.019
1715,10149,0.019
1716,37362,0.019
1717,846,0.02
1718,848,0.023
1719,767,0.023
1720,769,0.022
1721,833,0.021
1722,771,0.023
1723,784,0.024
1724,109368,0.023
1725,770,0.023
1726,782,0.021
1727,835,0.019
1728,772,0.019
1729,791,0.022
1730,109367,0.023
1731,109365,0.021
1732,781,0.023
1733,783,0.022
1734,37032,0.02
1735,779,0.021
1736,785,0.022
1737,773,0.022
1738,774,0.022
1739,775,0.022
1740,876,0.022
1741,1494590,0.021
1742,776,0.021
1743,837,0.023
1744,874,0.023
1745,875,0.02
1746,41659,0.022
1747,1494591,0.019
1748,777,0.021
1749,839,0.019
1750,872,0.022
1751,778,0.019
1752,780,0.019
1753,786,0.022
1754,832,0.022
1755,827,0.019
1756,790,0.022
1757,819,0.022
1758,109364,0.022
1759,787,0.021
1760,871,0.022
1761,831,0.022
1762,788,0.019
1763,789,0.022
1764,845,0.022
1765,849,0.022
1766,820,0.022
1767,821,0.022
1768,825,0.022
1769,862,0.023
1770,955,0.023
1771,861,0.023
1772,960,0.023
1773,965,0.023
1774,857,0.022
1775,962,0.022
1776,859,0.02
1777,858,0.023
1778,803,0.021
1779,804,0.023
1780,805,0.023
1781,818,0.023
1782,900,0.022
1783,903,0.023
1784,806,0.022
1785,913,0.023
1786,985,0.021
1787,817,0.022
1788,899,0.022
1789,902,0.023
1790,987,0.022
1791,1005,0.02
1792,807,0.02
1793,810,0.022
1794,912,0.023
1795,914,0.022
1796,986,0.019
1797,808,0.02
1798,811,0.022
1799,809,0.019
1800,812,0.022
1801,813,0.022
1802,2195,0.023
1803,917,0.023
1804,918,0.019
1805,814,0.022
1806,2194,0.023
1807,41906,0.02
1808,815,0.022
1809,36188,0.023
1810,816,0.022
1811,883,0.023
1812,36194,0.022
1813,890,0.022
1814,889,0.022
1815,891,0.022
1816,898,0.021
1817,36191,0.02
1818,905,0.022
1819,824,0.021
1820,822,0.022
1821,869,0.022
1822,823,0.022
1823,868,0.022
1824,867,0.02
1825,109362,0.019
1826,841,0.023
1827,840,0.022
1828,854,0.021
1829,873,0.022
1830,850,0.022
1831,851,0.021
1832,877,0.023
1833,855,0.019
1834,856,0.019
1835,109361,0.019
1836,43513,0.02
1837,36226,0.02
1838,37036,0.022
1839,971,0.022
1840,36227,0.019
1841,863,0.023
1842,864,0.023
1843,866,0.023
1844,25183,0.021
1845,25187,0.022
1846,865,0.023
1847,24581,0.021
1848,24584,0.022
1849,25557,0.022
1850,42668,0.023
1851,25181,0.019
1852,25261,0.019
1853,25188,0.019
1854,25189,0.019
1855,24572,0.021
1856,42662,0.022
1857,24583,0.019
1858,24875,0.019
1859,24582,0.019
1860,25182,0.019
1861,24864,0.019
1862,38152,0.019
1863,24573,0.02
1864,24574,0.019
1865,25177,0.019
1866,25577,0.021
1867,42669,0.019
1868,37038,0.021
1869,1494595,0.02
1870,37035,0.019
1871,37037,0.02
1872,1494596,0.019
1873,972,0.022
1874,37034,0.019
1875,879,0.023
1876,880,0.023
1877,882,0.022
1878,2199,0.021
1879,4961,0.021
1880,881,0.022
1881,2191,0.023
1882,2192,0.023
1883,4968,0.021
1884,2200,0.02
1885,4900,0.02
1886,4962,0.019
1887,1137,0.022
1888,4964,0.019
1889,1018,0.023
1890,1019,0.022
1891,2193,0.019
1892,4963,0.019
1893,37237,0.019
1894,884,0.021
1895,885,0.023
1896,888,0.021
1897,36189,0.019
1898,886,0.022
1899,2196,0.022
1900,36195,0.022
1901,887,0.02
1902,2198,0.021
1903,2197,0.02
1904,41875,0.019
1905,36192,0.019
1906,893,0.023
1907,894,0.02
1908,998,0.023
1909,961,0.023
1910,895,0.02
1911,997,0.022
1912,1001,0.022
1913,896,0.02
1914,994,0.022
1915,999,0.022
1916,907,0.023
1917,959,0.023
1918,36181,0.022
1919,958,0.023
1920,957,0.022
1921,978,0.023
1922,981,0.022
1923,988,0.023
1924,1008,0.02
1925,1006,0.023
1926,910,0.021
1927,911,0.021
1928,35561,0.021
1929,35570,0.021
1930,35568,0.021
1931,35579,0.021
1932,35560,0.019
1933,35562,0.019
1934,35571,0.019
1935,35580,0.02
1936,35569,0.019
1937,35577,0.019
1938,35578,0.019
1939,916,0.022
1940,925,0.023
1941,915,0.023
1942,984,0.019
1943,926,0.022
1944,927,0.022
1945,928,0.022
1946,924,0.023
1947,41712,0.023
1948,2105,0.019
1949,919,0.023
1950,920,0.023
1951,921,0.022
1952,1036,0.022
1953,1037,0.023
1954,983,0.023
1955,922,0.022
1956,977,0.022
1957,36253,0.022
1958,982,0.021
1959,923,0.022
1960,1002,0.022
1961,41914,0.021
1962,41913,0.023
1963,2229,0.019
1964,41713,0.019
1965,41647,0.021
1966,41650,0.023
1967,930,0.023
1968,931,0.022
1969,932,0.023
1970,934,0.022
1971,37052,0.021
1972,933,0.022
1973,1026,0.022
1974,940,0.021
1975,41649,0.023
1976,935,0.022
1977,1014,0.022
1978,37050,0.019
1979,37053,0.021
1980,1027,0.021
1981,945,0.022
1982,939,0.022
1983,41975,0.019
1984,41646,0.019
1985,41976,0.023
1986,1043,0.019
1987,936,0.023
1988,1038,0.023
1989,937,0.022
1990,949,0.023
1991,1039,0.022
1992,938,0.022
1993,950,0.022
1994,1086,0.023
1995,2250,0.023
1996,2243,0.021
1997,2249,0.023
1998,41983,0.02
1999,41982,0.019
2000,941,0.023
2001,942,0.022
2002,943,0.023
2003,21594,0.022
2004,21744,0.024
2005,21553,0.022
2006,21599,0.022
2007,21595,0.019
2008,21743,0.019
2009,21931,0.021
2010,21552,0.019
2011,21556,0.019
2012,21598,0.021
2013,21924,0.019
2014,17397,0.019
2015,21907,0.019
2016,42356,0.019
2017,946,0.025
2018,947,0.021
2019,948,0.023
2020,1040,0.022
2021,37049,0.022
2022,37054,0.022
2023,1041,0.02
2024,37048,0.021
2025,37055,0.02
2026,37051,0.019
2027,37056,0.019
2028,1494770,0.019
2029,1032,0.02
2030,1074,0.022
2031,1088,0.022
2032,38043,0.02
2033,2244,0.02
2034,41992,0.021
2035,951,0.02
2036,952,0.02
2037,23187,0.022
2038,15690,0.021
2039,23188,0.019
2040,23421,0.02
2041,41724,0.019
2042,15589,0.019
2043,15689,0.019
2044,967,0.022
2045,966,0.022
2046,970,0.02
2047,1013,0.023
2048,1009,0.021
2049,979,0.022
2050,975,0.023
2051,1011,0.02
2052,1007,0.022
2053,1012,0.023
2054,969,0.022
2055,996,0.023
2056,1000,0.022
2057,995,0.023
2058,968,0.021
2059,36228,0.02
2060,37039,0.022
2061,1034,0.022
2062,973,0.021
2063,37041,0.019
2064,974,0.023
2065,976,0.022
2066,41715,0.021
2067,1494605,0.022
2068,1494608,0.022
2069,36254,0.02
2070,36256,0.019
2071,41714,0.019
2072,1494762,0.019
2073,1494763,0.021
2074,1494764,0.019
2075,37047,0.02
2076,1494604,0.022
2077,1486991,0.019
2078,1494769,0.019
2079,36255,0.019
2080,980,0.021
2081,1004,0.019
2082,1003,0.019
2083,989,0.019
2084,990,0.021
2085,993,0.019
2086,991,0.019
2087,992,0.019
2088,1035,0.022
2089,36230,0.021
2090,40968,0.02
2091,40969,0.021
2092,40970,0.019
2093,40971,0.019
2094,41915,0.019
2095,1010,0.021
2096,37043,0.02
2097,37045,0.02
2098,37044,0.02
2099,37046,0.021
2100,1494606,0.019
2101,1494607,0.019
2102,36229,0.02
2103,37040,0.019
2104,1494599,0.019
2105,1131,0.023
2106,41993,0.023
2107,1017,0.019
2108,1085,0.023
2109,1084,0.022
2110,1020,0.022
2111,1083,0.022
2112,1021,0.019
2113,1022,0.024
2114,2201,0.021
2115,7745,0.022
2116,7750,0.024
2117,4894,0.019
2118,4893,0.019
2119,7744,0.019
2120,7747,0.021
2121,7751,0.021
2122,1028,0.022
2123,1029,0.023
2124,1030,0.022
2125,18538,0.022
2126,1031,0.022
2127,18558,0.021
2128,18703,0.022
2129,18537,0.021
2130,18539,0.019
2131,18557,0.02
2132,18705,0.021
2133,18551,0.019
2134,18702,0.019
2135,38105,0.019
2136,18559,0.019
2137,18536,0.019
2138,18706,0.019
2139,38102,0.019
2140,1033,0.019
2141,1127,0.019
2142,1130,0.021
2143,1141,0.019
2144,1042,0.02
2145,36252,0.021
2146,36257,0.019
2147,41711,0.019
2148,1044,0.023
2149,1045,0.022
2150,1046,0.022
2151,1047,0.022
2152,1051,0.022
2153,2190,0.021
2154,2181,0.021
2155,2132,0.019
2156,2177,0.019
2157,2182,0.019
2158,1077,0.022
2159,2248,0.021
2160,41991,0.023
2161,1078,0.022
2162,1087,0.023
2163,2178,0.019
2164,2257,0.019
2165,1053,0.022
2166,1054,0.022
2167,1107,0.022
2168,1059,0.022
2169,1122,0.022
2170,1091,0.021
2171,1105,0.022
2172,1152,0.021
2173,1121,0.022
2174,1106,0.019
2175,1123,0.019
2176,1060,0.023
2177,1061,0.022
2178,1062,0.022
2179,23184,0.023
2180,23185,0.022
2181,1067,0.022
2182,41722,0.021
2183,1063,0.023
2184,23420,0.019
2185,1066,0.021
2186,1548998,0.022
2187,41723,0.019
2188,1064,0.021
2189,24030,0.021
2190,24053,0.021
2191,1065,0.02
2192,41677,0.02
2193,24029,0.019
2194,24052,0.02
2195,24060,0.019
2196,41676,0.019
2197,1558615,0.021
2198,1556132,0.019
2199,1556996,0.02
2200,1555107,0.019
2201,1097,0.021
2202,1109,0.022
2203,1117,0.021
2204,37075,0.019
2205,36236,0.019
2206,37074,0.019
2207,1151,0.019
2208,36172,0.019
2209,1108,0.022
2210,38042,0.019
2211,1080,0.022
2212,1081,0.023
2213,2002,0.021
2214,1082,0.023
2215,2001,0.021
2216,7809,0.022
2217,2003,0.019
2218,1132,0.021
2219,7799,0.023
2220,2000,0.019
2221,7810,0.019
2222,7821,0.019
2223,1133,0.019
2224,7780,0.02
2225,7800,0.019
2226,1136,0.019
2227,4969,0.019
2228,1140,0.019
2229,2246,0.019
2230,1104,0.022
2231,1162,0.019
2232,1173,0.019
2233,1111,0.019
2234,1125,0.022
2235,1102,0.019
2236,1163,0.021
2237,1164,0.019
2238,1150,0.019
2239,36167,0.019
2240,36170,0.019
2241,1112,0.021
2242,1113,0.022
2243,1115,0.019
2244,25442,0.019
2245,1114,0.019
2246,37064,0.019
2247,37079,0.019
